{
  "skin": {
    "common": {
      "leftLogo": "home_jiaobiao.png",
      "tagBgColor": "#4a4a4a",
      "tagTxtColor": "#ffffff",
      "isGrayImage": "1",
      "listTxtColor": "#ffffff",
      "itemTxtColor": "#989898",
      "indicatorTxtColor": "#FFFFFF",
      "indicatorNormalTxtColor": "#999999",
      "indicatorlineColor": "#FFFFFF",
      "indicatorTxtlineColor": "#FFFFFF",
      "indicatorlineBg": "indicatorlineBg.png",
      "navigationColor": "#222222",
      "navigationTxtColor": "#FFFFFF",
      "navigationNormalTxtColor": "999999",
      "home_icon": "home_icon_selected.png",
      "home_normal_icon": "home_icon_default.png",
      "video_icon": "video_icon_selected.png",
      "video_normal_icon": "video_icon_default.png",
      "live_icon": "live_icon_selected.png",
      "live__normal_icon": "live_icon_default.png",
      "mine_icon": "mine_icon_selected.png",
      "mine_normal_icon": "mine_icon_default.png",
      "bgTopIcon": "home_video_bj_shang.png",
      "bgBottomIcon": "home_video_bj_xia.png",
      "bgcolor": "#222222",
      "topTitleColor": "#151515",
      "changeTxtColor": "#999999",
      "changeIcon": "home_huan.png"
    },
    "home": {
      "searchBgColor": "#333333",
      "searchTxtColor": "#52FFFFFF",
      "searchImg": "home_search.png",
      "homePlusSing": "home_jiahao.png",
      "homeTitleBgColor": "",
      "homeTitleBgImg": ""
    },
    "homeInformation": {
      "titleBtnColor": "#222222",
      "titleBtnNormalColor": "#ffffff",
      "titleBtnBgColor": "#ffffff",
      "titleBtnNormalBgColor": "#4D4D4D"
    },
    "video": {
      "videoSearchImg": "home_video_search.png"

    },
    "live": {
      "live_bofang": "live_bofang.png"
    }
    ,
    "mine": {
      "headImg": "mine_touxiang_default.png",
      "headTxtColor": "#FFFFFF",
      "mineMenuBgColor": "#4D4D4D",
      "mineMenuTxtColor": "#FFFFFF",
      "mineDownloadImg": "mine_xiazai.png",
      "mineBuyImg": "mine_goumai.png",
      "mineLiShiImg": "mine_lishi.png",
      "mineLikeImg": "mine_shoucang.png",
      "mineGwcImg": "mine_gouwu.png",
      "mineDingDanImg": "mine_dingdan.png",
      "mineSettingImg": "mine_shezhi.png",
      "mineHelpImg": "mine_shezhi.png",
      "mineHelpTxt": "#FFFFFF",
      "mineDingDanDecColor": "#ffffff",
      "mineDingDanDecBgColor": "#4A4A4A",
      "mineRightRrrow": ""
    }
  }
}
